{
    "GREEDYBLOCK": {
        "TP": 108,
        "FN": 38,
        "FNR": 0.2602739726027397
    },
    "GREEDY": {
        "TP": 77,
        "FN": 69,
        "FNR": 0.4726027397260274
    },
    "Random forest": {
        "TP": 75,
        "FN": 71,
        "FNR": 0.4863013698630137
    },
    "ZRS": {
        "TP": 64,
        "FN": 82,
        "FNR": 0.5616438356164384
    },
    "CRYPTOSENSE": {
        "TP": 132,
        "FN": 14,
        "FNR": 0.0958904109589041
    } 
}