{
    "GREEDYBLOCK": {
        "TP": 111,
        "FN": 35,
        "FNR": 0.23972602739726026
    },
    "GREEDY": {
        "TP": 78,
        "FN": 68,
        "FNR": 0.4657534246575342
    },
    "Random forest": {
        "TP": 35,
        "FN": 111,
        "FNR": 0.7602739726027398
    },
    "ZRS": {
        "TP": 98,
        "FN": 48,
        "FNR": 0.3287671232876712
    },
    "CRYPTOSENSE": {
        "TP": 133,
        "FN": 13,
        "FNR": 0.08928571428571429
    } 
}