{
    "GREEDYBLOCK": {
        "TP": 121,
        "FN": 25,
        "FNR": 0.17123287671232876
    },
    "GREEDY": {
        "TP": 88,
        "FN": 58,
        "FNR": 0.3972602739726027
    },
    "Random forest": {
        "TP": 71,
        "FN": 75,
        "FNR": 0.5136986301369864
    },
    "ZRS": {
        "TP": 38,
        "FN": 108,
        "FNR": 0.7397260273972602
    },
    "CRYPTOSENSE": {
        "TP": 132,
        "FN": 14,
        "FNR": 0.0958904109589041
    } 
}