{
    "BenchmarkA(1.2:1)": {
        "TP": 80,
        "FP": 56,
        "FN": 54,
        "precision": 0.5882352941176471,
        "recall": 0.5970149253731343,
        "f1score": 0.5925925925925926,
        "FNR": 0.40298507462686567
    },
    "BenchmarkA(1:5)": {
        "TP": 11,
        "FP": 8,
        "FN": 11,
        "precision": 0.5789473684210527,
        "recall": 0.5,
        "f1score": 0.5365853658536586,
        "FNR": 0.5
    },
    "BenchmarkA(1:10)": {
        "TP": 7,
        "FP": 9,
        "FN": 4,
        "precision": 0.4375,
        "recall": 0.6363636363636364,
        "f1score": 0.5185185185185185,
        "FNR": 0.36363636363636365
    },
    "BenchmarkB(1.8:1)": {
        "TP": 182,
        "FP": 13,
        "FN": 18,
        "precision": 0.9333333333333333,
        "recall": 0.91,
        "f1score": 0.9215189873417722,
        "FNR": 0.09
    },
    "BenchmarkB(1:5)": {
        "TP": 19,
        "FP": 13,
        "FN": 3,
        "precision": 0.59375,
        "recall": 0.8636363636363636,
        "f1score": 0.7057037037037037,
        "FNR": 0.13636363636363635
    },
    "BenchmarkC(1.3:1)": {
        "TP": 133,
        "FP": 7,
        "FN": 13,
        "precision": 0.95,
        "recall": 0.910958904109589,
        "f1score": 0.9300699300699301,
        "FNR": 0.08904109589041095
    }
}