{
    "BenchmarkA(1.2:1)": {
        "TP": 70,
        "FP": 41,
        "FN": 64,
        "precision": 0.6306306306306306,
        "recall": 0.5223880597014925,
        "f1score": 0.5714285714285714,
        "FNR": 0.47761194029850745
    },
    "BenchmarkA(1:5)": {
        "TP": 13,
        "FP": 17,
        "FN": 9,
        "precision": 0.43333333333333335,
        "recall": 0.5909090909090909,
        "f1score": 0.5,
        "FNR": 0.4090909090909091
    },
    "BenchmarkA(1:10)": {
        "TP": 8,
        "FP": 25,
        "FN": 3,
        "precision": 0.24242424242424243,
        "recall": 0.7272727272727273,
        "f1score": 0.36363636363636365,
        "FNR": 0.2727272727272727
    },
    "BenchmarkB(1.8:1)": {
        "TP": 154,
        "FP": 21,
        "FN": 46,
        "precision": 0.88,
        "recall": 0.77,
        "f1score": 0.8213333333333334,
        "FNR": 0.23
    },
    "BenchmarkB(1:5)": {
        "TP": 18,
        "FP": 21,
        "FN": 4,
        "precision": 0.46153846153846156,
        "recall": 0.8181818181818182,
        "f1score": 0.58401639344262295,
        "FNR": 0.18181818181818182
    },
    "BenchmarkC(1.3:1)": {
        "TP": 112,
        "FP": 14,
        "FN": 34,
        "precision": 0.8888888888888888,
        "recall": 0.7671232876712328,
        "f1score": 0.8235294117647058,
        "FNR": 0.2328767123287671
    }
}