{
    "BenchmarkA(1.2:1)": {
        "TP": 123,
        "FP": 18,
        "FN": 11,
        "precision": 0.8723404255319149,
        "recall": 0.917910447761194,
        "f1score": 0.8945454545454545,
        "FNR": 0.08208955223880597
    },
    "BenchmarkA(1:5)": {
        "TP": 19,
        "FP": 6,
        "FN": 3,
        "precision": 0.76,
        "recall": 0.8636363636363636,
        "f1score": 0.8085106382978723,
        "FNR": 0.13636363636363635
    },
    "BenchmarkA(1:10)": {
        "TP": 9,
        "FP": 6,
        "FN": 2,
        "precision": 0.6,
        "recall": 0.8181818181818182,
        "f1score": 0.6923076923076923,
        "FNR": 0.18181818181818182
    },
    "BenchmarkB(1.8:1)": {
        "TP": 182,
        "FP": 8,
        "FN": 18,
        "precision": 0.9578947368421052,
        "recall": 0.91,
        "f1score": 0.9333333333333333,
        "FNR": 0.09
    },
    "BenchmarkB(1:5)": {
        "TP": 21,
        "FP": 8,
        "FN": 1,
        "precision": 0.7241379310344828,
        "recall": 0.9545454545454546,
        "f1score": 0.8135294117647058,
        "FNR": 0.045454545454545456
    },
    "BenchmarkC(1.3:1)": {
        "TP": 133,
        "FP": 7,
        "FN": 13,
        "precision": 0.95,
        "recall": 0.910958904109589,
        "f1score": 0.93006993006993010,
        "FNR": 0.08904109589041095
    }
}