{
    "BenchmarkA(1.2:1)": {
        "TP": 123,
        "FP": 25,
        "FN": 11,
        "precision": 0.831081081081081,
        "recall": 0.917910447761194,
        "f1score": 0.8723404255319149,
        "FNR": 0.08208955223880597
    },
    "BenchmarkA(1:5)": {
        "TP": 20,
        "FP": 8,
        "FN": 2,
        "precision": 0.7142857142857143,
        "recall": 0.9090909090909091,
        "f1score": 0.8,
        "FNR": 0.09090909090909091
    },
    "BenchmarkA(1:10)": {
        "TP": 10,
        "FP": 8,
        "FN": 1,
        "precision": 0.5555555555555556,
        "recall": 0.9090909090909091,
        "f1score": 0.6896551724137931,
        "FNR": 0.09090909090909091
    },
    "BenchmarkB(1.8:1)": {
        "TP": 183,
        "FP": 11,
        "FN": 17,
        "precision": 0.9432989690721649,
        "recall": 0.915,
        "f1score": 0.9289340101522843,
        "FNR": 0.085
    },
    "BenchmarkB(1:5)": {
        "TP": 10,
        "FP": 4,
        "FN": 1,
        "precision": 0.7142857142857143,
        "recall": 0.9090909090909091,
        "f1score": 0.8,
        "FNR": 0.09090909090909091
    },
    "BenchmarkC(1.3:1)": {
        "TP": 133,
        "FP": 8,
        "FN": 13,
        "precision": 0.9432624113475178,
        "recall": 0.910958904109589,
        "f1score": 0.926829268292683,
        "FNR": 0.08904109589041095
    }
}