{
    "BenchmarkA(1.2:1)": {
        "TP": 68,
        "FP": 93,
        "FN": 66,
        "precision": 0.422360248447205,
        "recall": 0.5074626865671642,
        "f1score": 0.4610169491525424,
        "FNR": 0.4925373134328358
    },
    "BenchmarkA(1:5)": {
        "TP": 9,
        "FP": 19,
        "FN": 13,
        "precision": 0.32142857142857145,
        "recall": 0.4090909090909091,
        "f1score": 0.36,
        "FNR": 0.5909090909090909
    },
    "BenchmarkA(1:10)": {
        "TP": 7,
        "FP": 20,
        "FN": 4,
        "precision": 0.25925925925925924,
        "recall": 0.6363636363636364,
        "f1score": 0.3684210526315789,
        "FNR": 0.36363636363636365
    },
    "BenchmarkB(1.8:1)": {
        "TP": 146,
        "FP": 27,
        "FN": 54,
        "precision": 0.8439306358381503,
        "recall": 0.73,
        "f1score": 0.7828418230563002,
        "FNR": 0.27
    },
    "BenchmarkB(1:5)": {
        "TP": 16,
        "FP": 27,
        "FN": 6,
        "precision": 0.37209302325581395,
        "recall": 0.7272727272727273,
        "f1score": 0.49230769230769234,
        "FNR": 0.2727272727272727
    },
    "BenchmarkC(1.3:1)": {
        "TP": 108,
        "FP": 22,
        "FN": 38,
        "precision": 0.8307692307692308,
        "recall": 0.7397260273972602,
        "f1score": 0.782608695652174,
        "FNR": 0.2602739726027397
    }
}