{
    "BenchmarkA(1.2:1)": {
        "TP": 74,
        "FP": 19,
        "FN": 60,
        "precision": 0.7956989247311828,
        "recall": 0.5522388059701493,
        "f1score": 0.6519823788546255,
        "FNR": 0.44776119402985076
    },
    "BenchmarkA(1:5)": {
        "TP": 13,
        "FP": 9,
        "FN": 9,
        "precision": 0.5909090909090909,
        "recall": 0.5909090909090909,
        "f1score": 0.5909090909090909,
        "FNR": 0.4090909090909091
    },
    "BenchmarkA(1:10)": {
        "TP": 7,
        "FP": 8,
        "FN": 4,
        "precision": 0.4666666666666667,
        "recall": 0.6363636363636364,
        "f1score": 0.5384615384615384,
        "FNR": 0.36363636363636365
    },
    "BenchmarkB(1.8:1)": {
        "TP": 178,
        "FP": 17,
        "FN": 22,
        "precision": 0.9128205128205128,
        "recall": 0.89,
        "f1score": 0.9012658227848102,
        "FNR": 0.11
    },
    "BenchmarkB(1:5)": {
        "TP": 21,
        "FP": 17,
        "FN": 1,
        "precision": 0.5526315789473685,
        "recall": 0.9545454545454546,
        "f1score": 0.7,
        "FNR": 0.045454545454545456
    },
    "BenchmarkC(1.3:1)": {
        "TP": 131,
        "FP": 10,
        "FN": 15,
        "precision": 0.9290780141843972,
        "recall": 0.8972602739726028,
        "f1score": 0.9128919860627178,
        "FNR": 0.10273972602739725
    }
}